<metadata xml:lang="en"><Esri><SyncOnce>FALSE</SyncOnce><ArcGISFormat>1.0</ArcGISFormat><CreaDate>20200110</CreaDate><CreaTime>10250000</CreaTime><ArcGISstyle>FGDC CSDGM Metadata</ArcGISstyle><DataProperties><itemProps><itemLocation><linkage Sync="TRUE">file://\\FOM-MJ0B75TS\E$\UNH_Data\UNH_Basemap.shp</linkage><protocol Sync="TRUE">Local Area Network</protocol></itemLocation><itemName Sync="TRUE">UNH_Basemap</itemName><imsContentType Sync="TRUE">002</imsContentType><itemSize Sync="TRUE">0.000</itemSize></itemProps><lineage><Process ToolSource="c:\program files (x86)\arcgis\desktop10.6\ArcToolbox\Toolboxes\Data Management Tools.tbx\CalculateField" Date="20200110" Time="132611">CalculateField "UNH Campus Basemap Polygons" COLOR "Blue" VB #</Process><Process ToolSource="c:\program files (x86)\arcgis\desktop10.6\ArcToolbox\Toolboxes\Data Management Tools.tbx\CalculateField" Date="20200110" Time="132655">CalculateField "UNH Campus Basemap Polygons" COLOR "Gray" VB #</Process><Process ToolSource="c:\program files (x86)\arcgis\desktop10.6\ArcToolbox\Toolboxes\Data Management Tools.tbx\CalculateField" Date="20200110" Time="132850">CalculateField "UNH Campus Basemap Polygons" COLOR "Red" VB #</Process><Process ToolSource="c:\program files (x86)\arcgis\desktop10.6\ArcToolbox\Toolboxes\Data Management Tools.tbx\CalculateField" Date="20200110" Time="132954">CalculateField "UNH Campus Basemap Polygons" COLOR "Yellow" VB #</Process><Process ToolSource="c:\program files (x86)\arcgis\desktop10.6\ArcToolbox\Toolboxes\Data Management Tools.tbx\CalculateField" Date="20200110" Time="154140">CalculateField "UNH Campus Basemap Polygons" COLOR "Rust" VB #</Process><Process ToolSource="c:\program files (x86)\arcgis\desktop10.6\ArcToolbox\Toolboxes\Data Management Tools.tbx\CalculateField" Date="20200123" Time="093447">CalculateField "UNH Campus Basemap Polygons - SDE" SIGHTLINES "UNH" VB #</Process><Process ToolSource="c:\program files (x86)\arcgis\desktop10.7\ArcToolbox\Toolboxes\Conversion Tools.tbx\FeatureClassToFeatureClass" Date="20201009" Time="110330">FeatureClassToFeatureClass "Database Connections\FACGIS_GISDATA_SQL.sde\facgissde.GISDATA.GC_Campus_Basemap\facgissde.GISDATA.GC_UNH_Basemap_Poly" E:\UNH_Data UNH_Basemap.shp # "FACILITIES "Facilities ID" true true false 10 Text 0 0 ,First,#,Database Connections\FACGIS_GISDATA_SQL.sde\facgissde.GISDATA.GC_Campus_Basemap\facgissde.GISDATA.GC_UNH_Basemap_Poly,FACILITIES_ID,-1,-1;FEATURE_NA "Name" true true false 30 Text 0 0 ,First,#,Database Connections\FACGIS_GISDATA_SQL.sde\facgissde.GISDATA.GC_Campus_Basemap\facgissde.GISDATA.GC_UNH_Basemap_Poly,FEATURE_NAME,-1,-1;LAND_USE "Land Use" true true false 30 Text 0 0 ,First,#,Database Connections\FACGIS_GISDATA_SQL.sde\facgissde.GISDATA.GC_Campus_Basemap\facgissde.GISDATA.GC_UNH_Basemap_Poly,LAND_USE,-1,-1;LAND_COVER "Land Cover" true true false 25 Text 0 0 ,First,#,Database Connections\FACGIS_GISDATA_SQL.sde\facgissde.GISDATA.GC_Campus_Basemap\facgissde.GISDATA.GC_UNH_Basemap_Poly,LAND_COVER,-1,-1;PERVIOUS "Perviousness" true true false 25 Text 0 0 ,First,#,Database Connections\FACGIS_GISDATA_SQL.sde\facgissde.GISDATA.GC_Campus_Basemap\facgissde.GISDATA.GC_UNH_Basemap_Poly,PERVIOUS,-1,-1;OWNERSHIP "Ownership" true true false 25 Text 0 0 ,First,#,Database Connections\FACGIS_GISDATA_SQL.sde\facgissde.GISDATA.GC_Campus_Basemap\facgissde.GISDATA.GC_UNH_Basemap_Poly,OWNERSHIP,-1,-1;MAINTENANC "Maintained By" true true false 30 Text 0 0 ,First,#,Database Connections\FACGIS_GISDATA_SQL.sde\facgissde.GISDATA.GC_Campus_Basemap\facgissde.GISDATA.GC_UNH_Basemap_Poly,MAINTENANCE,-1,-1;SIGHTLINES "Sightlines" true true false 30 Text 0 0 ,First,#,Database Connections\FACGIS_GISDATA_SQL.sde\facgissde.GISDATA.GC_Campus_Basemap\facgissde.GISDATA.GC_UNH_Basemap_Poly,SIGHTLINES,-1,-1;COLOR "Color" true true false 10 Text 0 0 ,First,#,Database Connections\FACGIS_GISDATA_SQL.sde\facgissde.GISDATA.GC_Campus_Basemap\facgissde.GISDATA.GC_UNH_Basemap_Poly,COLOR,-1,-1;POSITIONED "Positioned" true true false 30 Text 0 0 ,First,#,Database Connections\FACGIS_GISDATA_SQL.sde\facgissde.GISDATA.GC_Campus_Basemap\facgissde.GISDATA.GC_UNH_Basemap_Poly,POSITIONED,-1,-1;NOTES "Notes" true true false 200 Text 0 0 ,First,#,Database Connections\FACGIS_GISDATA_SQL.sde\facgissde.GISDATA.GC_Campus_Basemap\facgissde.GISDATA.GC_UNH_Basemap_Poly,NOTES,-1,-1;LAST_UPDAT "Last Updated" true true false 20 Text 0 0 ,First,#,Database Connections\FACGIS_GISDATA_SQL.sde\facgissde.GISDATA.GC_Campus_Basemap\facgissde.GISDATA.GC_UNH_Basemap_Poly,LAST_UPDATED,-1,-1;AREA_ACRES "Area in Acres" true true false 8 Double 8 38 ,First,#,Database Connections\FACGIS_GISDATA_SQL.sde\facgissde.GISDATA.GC_Campus_Basemap\facgissde.GISDATA.GC_UNH_Basemap_Poly,AREA_ACRES,-1,-1;SHAPE_STAr "SHAPE_STAr" false false true 0 Double 0 0 ,First,#,Database Connections\FACGIS_GISDATA_SQL.sde\facgissde.GISDATA.GC_Campus_Basemap\facgissde.GISDATA.GC_UNH_Basemap_Poly,SHAPE.STArea(),-1,-1;SHAPE_STLe "SHAPE_STLe" false false true 0 Double 0 0 ,First,#,Database Connections\FACGIS_GISDATA_SQL.sde\facgissde.GISDATA.GC_Campus_Basemap\facgissde.GISDATA.GC_UNH_Basemap_Poly,SHAPE.STLength(),-1,-1" #</Process></lineage><coordRef><type Sync="TRUE">Projected</type><geogcsn Sync="TRUE">GCS_North_American_1983</geogcsn><csUnits Sync="TRUE">Linear Unit: Foot_US (0.304801)</csUnits><projcsn Sync="TRUE">NAD_1983_StatePlane_New_Hampshire_FIPS_2800_Feet</projcsn><peXml Sync="TRUE">&lt;ProjectedCoordinateSystem xsi:type='typens:ProjectedCoordinateSystem' xmlns:xsi='http://www.w3.org/2001/XMLSchema-instance' xmlns:xs='http://www.w3.org/2001/XMLSchema' xmlns:typens='http://www.esri.com/schemas/ArcGIS/10.7'&gt;&lt;WKT&gt;PROJCS[&amp;quot;NAD_1983_StatePlane_New_Hampshire_FIPS_2800_Feet&amp;quot;,GEOGCS[&amp;quot;GCS_North_American_1983&amp;quot;,DATUM[&amp;quot;D_North_American_1983&amp;quot;,SPHEROID[&amp;quot;GRS_1980&amp;quot;,6378137.0,298.257222101]],PRIMEM[&amp;quot;Greenwich&amp;quot;,0.0],UNIT[&amp;quot;Degree&amp;quot;,0.0174532925199433]],PROJECTION[&amp;quot;Transverse_Mercator&amp;quot;],PARAMETER[&amp;quot;False_Easting&amp;quot;,984250.0],PARAMETER[&amp;quot;False_Northing&amp;quot;,0.0],PARAMETER[&amp;quot;Central_Meridian&amp;quot;,-71.66666666666667],PARAMETER[&amp;quot;Scale_Factor&amp;quot;,0.9999666666666667],PARAMETER[&amp;quot;Latitude_Of_Origin&amp;quot;,42.5],UNIT[&amp;quot;Foot_US&amp;quot;,0.3048006096012192]],VERTCS[&amp;quot;NAVD_1988&amp;quot;,VDATUM[&amp;quot;North_American_Vertical_Datum_1988&amp;quot;],PARAMETER[&amp;quot;Vertical_Shift&amp;quot;,0.0],PARAMETER[&amp;quot;Direction&amp;quot;,1.0],UNIT[&amp;quot;Foot_US&amp;quot;,0.3048006096012192]]&lt;/WKT&gt;&lt;XOrigin&gt;-17463700&lt;/XOrigin&gt;&lt;YOrigin&gt;-48257000&lt;/YOrigin&gt;&lt;XYScale&gt;137246076.82899535&lt;/XYScale&gt;&lt;ZOrigin&gt;-100000&lt;/ZOrigin&gt;&lt;ZScale&gt;3048.0060960121923&lt;/ZScale&gt;&lt;MOrigin&gt;-100000&lt;/MOrigin&gt;&lt;MScale&gt;10000&lt;/MScale&gt;&lt;XYTolerance&gt;0.0032808333333333331&lt;/XYTolerance&gt;&lt;ZTolerance&gt;0.0032808333333333331&lt;/ZTolerance&gt;&lt;MTolerance&gt;0.001&lt;/MTolerance&gt;&lt;HighPrecision&gt;true&lt;/HighPrecision&gt;&lt;WKID&gt;102710&lt;/WKID&gt;&lt;LatestWKID&gt;3437&lt;/LatestWKID&gt;&lt;/ProjectedCoordinateSystem&gt;</peXml></coordRef></DataProperties><SyncDate>20201009</SyncDate><SyncTime>11032300</SyncTime><ModDate>20201009</ModDate><ModTime>11032300</ModTime></Esri><idinfo><descript><abstract>GC_UNH_Basemap_Poly</abstract><purpose>UNH Basemap</purpose></descript><keywords><theme><themekt>X-Ray</themekt><themekey/></theme></keywords><accconst/><useconst/><status><progress/><update/></status><spdom><bounding><westbc>NaN</westbc><eastbc>NaN</eastbc><northbc>NaN</northbc><southbc>NaN</southbc></bounding></spdom></idinfo><eainfo><detailed Name="UNH_Basemap"><attr><attrlabl Sync="TRUE">SHAPE</attrlabl><attalias Sync="TRUE">Shape</attalias><attrtype Sync="TRUE">Geometry</attrtype><attwidth Sync="TRUE">0</attwidth><atprecis Sync="TRUE">0</atprecis><attscale Sync="TRUE">0</attscale><attrdef Sync="TRUE">Feature geometry.</attrdef><attrdefs Sync="TRUE">Esri</attrdefs><attrdomv><udom Sync="TRUE">Coordinates defining the features.</udom></attrdomv></attr><attr><attrlabl Sync="TRUE">FID</attrlabl><attalias Sync="TRUE">FID</attalias><attrtype Sync="TRUE">OID</attrtype><attwidth Sync="TRUE">4</attwidth><atprecis Sync="TRUE">0</atprecis><attscale Sync="TRUE">0</attscale><attrdef Sync="TRUE">Internal feature number.</attrdef><attrdefs Sync="TRUE">Esri</attrdefs><attrdomv><udom Sync="TRUE">Sequential unique whole numbers that are automatically generated.</udom></attrdomv></attr><attr><attrlabl Sync="TRUE">AREA_ACRES</attrlabl><attalias Sync="TRUE">AREA_ACRES</attalias><attrtype Sync="TRUE">Double</attrtype><attwidth Sync="TRUE">19</attwidth><atprecis Sync="TRUE">18</atprecis><attscale Sync="TRUE">8</attscale><attrdef Sync="TRUE">AREA_ACRES</attrdef></attr><attr><attrlabl Sync="TRUE">FACILITIES</attrlabl><attalias Sync="TRUE">FACILITIES</attalias><attrtype Sync="TRUE">String</attrtype><attwidth Sync="TRUE">10</attwidth><atprecis Sync="TRUE">0</atprecis><attscale Sync="TRUE">0</attscale></attr><attr><attrlabl Sync="TRUE">FEATURE_NA</attrlabl><attalias Sync="TRUE">FEATURE_NA</attalias><attrtype Sync="TRUE">String</attrtype><attwidth Sync="TRUE">30</attwidth><atprecis Sync="TRUE">0</atprecis><attscale Sync="TRUE">0</attscale></attr><attr><attrlabl Sync="TRUE">COLOR</attrlabl><attalias Sync="TRUE">COLOR</attalias><attrtype Sync="TRUE">String</attrtype><attwidth Sync="TRUE">10</attwidth><atprecis Sync="TRUE">0</atprecis><attscale Sync="TRUE">0</attscale><attrdef Sync="TRUE">COLOR</attrdef></attr><attr><attrlabl Sync="TRUE">LAND_COVER</attrlabl><attalias Sync="TRUE">LAND_COVER</attalias><attrtype Sync="TRUE">String</attrtype><attwidth Sync="TRUE">25</attwidth><atprecis Sync="TRUE">0</atprecis><attscale Sync="TRUE">0</attscale><attrdef Sync="TRUE">LAND_COVER</attrdef></attr><attr><attrlabl Sync="TRUE">LAND_USE</attrlabl><attalias Sync="TRUE">LAND_USE</attalias><attrtype Sync="TRUE">String</attrtype><attwidth Sync="TRUE">30</attwidth><atprecis Sync="TRUE">0</atprecis><attscale Sync="TRUE">0</attscale><attrdef Sync="TRUE">LAND_USE</attrdef></attr><attr><attrlabl Sync="TRUE">NOTES</attrlabl><attalias Sync="TRUE">NOTES</attalias><attrtype Sync="TRUE">String</attrtype><attwidth Sync="TRUE">200</attwidth><atprecis Sync="TRUE">0</atprecis><attscale Sync="TRUE">0</attscale><attrdef Sync="TRUE">NOTES</attrdef></attr><attr><attrlabl Sync="TRUE">MAINTENANC</attrlabl><attalias Sync="TRUE">MAINTENANC</attalias><attrtype Sync="TRUE">String</attrtype><attwidth Sync="TRUE">30</attwidth><atprecis Sync="TRUE">0</atprecis><attscale Sync="TRUE">0</attscale></attr><attr><attrlabl Sync="TRUE">OWNERSHIP</attrlabl><attalias Sync="TRUE">OWNERSHIP</attalias><attrtype Sync="TRUE">String</attrtype><attwidth Sync="TRUE">25</attwidth><atprecis Sync="TRUE">0</atprecis><attscale Sync="TRUE">0</attscale><attrdef Sync="TRUE">OWNERSHIP</attrdef></attr><attr><attrlabl Sync="TRUE">PERVIOUS</attrlabl><attalias Sync="TRUE">PERVIOUS</attalias><attrtype Sync="TRUE">String</attrtype><attwidth Sync="TRUE">25</attwidth><atprecis Sync="TRUE">0</atprecis><attscale Sync="TRUE">0</attscale><attrdef Sync="TRUE">PERVIOUS</attrdef></attr><attr><attrlabl Sync="TRUE">POSITIONED</attrlabl><attalias Sync="TRUE">POSITIONED</attalias><attrtype Sync="TRUE">String</attrtype><attwidth Sync="TRUE">30</attwidth><atprecis Sync="TRUE">0</atprecis><attscale Sync="TRUE">0</attscale><attrdef Sync="TRUE">POSITIONED</attrdef></attr><attr><attrlabl Sync="TRUE">SIGHTLINES</attrlabl><attalias Sync="TRUE">SIGHTLINES</attalias><attrtype Sync="TRUE">String</attrtype><attwidth Sync="TRUE">30</attwidth><atprecis Sync="TRUE">0</atprecis><attscale Sync="TRUE">0</attscale><attrdef Sync="TRUE">SIGHTLINES</attrdef></attr><attr><attrlabl Sync="TRUE">LAST_UPDAT</attrlabl><attalias Sync="TRUE">LAST_UPDAT</attalias><attrtype Sync="TRUE">String</attrtype><attwidth Sync="TRUE">20</attwidth><atprecis Sync="TRUE">0</atprecis><attscale Sync="TRUE">0</attscale></attr><enttyp><enttypl Sync="TRUE">UNH_Basemap</enttypl><enttypt Sync="TRUE">Feature Class</enttypt><enttypc Sync="TRUE">0</enttypc></enttyp><attr><attrlabl Sync="TRUE">SHAPE_STAr</attrlabl><attalias Sync="TRUE">SHAPE_STAr</attalias><attrtype Sync="TRUE">Double</attrtype><attwidth Sync="TRUE">19</attwidth><atprecis Sync="TRUE">0</atprecis><attscale Sync="TRUE">0</attscale></attr><attr><attrlabl Sync="TRUE">SHAPE_STLe</attrlabl><attalias Sync="TRUE">SHAPE_STLe</attalias><attrtype Sync="TRUE">Double</attrtype><attwidth Sync="TRUE">19</attwidth><atprecis Sync="TRUE">0</atprecis><attscale Sync="TRUE">0</attscale></attr></detailed></eainfo><dataIdInfo><envirDesc Sync="TRUE"> Version 6.2 (Build 9200) ; Esri ArcGIS 10.7.1.11595</envirDesc><dataLang><languageCode value="eng" Sync="TRUE"></languageCode><countryCode value="USA" Sync="TRUE"></countryCode></dataLang><idCitation><resTitle Sync="TRUE">UNH_Basemap</resTitle><presForm><PresFormCd value="005" Sync="TRUE"></PresFormCd></presForm></idCitation><spatRpType><SpatRepTypCd value="001" Sync="TRUE"></SpatRepTypCd></spatRpType></dataIdInfo><mdLang><languageCode value="eng" Sync="TRUE"></languageCode><countryCode value="USA" Sync="TRUE"></countryCode></mdLang><distInfo><distFormat><formatName Sync="TRUE">Shapefile</formatName></distFormat><distTranOps><transSize Sync="TRUE">0.000</transSize></distTranOps></distInfo><mdHrLv><ScopeCd value="005" Sync="TRUE"></ScopeCd></mdHrLv><mdHrLvName Sync="TRUE">dataset</mdHrLvName><refSysInfo><RefSystem><refSysID><identCode code="3437" Sync="TRUE"></identCode><idCodeSpace Sync="TRUE">EPSG</idCodeSpace><idVersion Sync="TRUE">6.12(9.3.0.0)</idVersion></refSysID></RefSystem></refSysInfo><spatRepInfo><VectSpatRep><geometObjs Name="UNH_Basemap"><geoObjTyp><GeoObjTypCd value="002" Sync="TRUE"></GeoObjTypCd></geoObjTyp><geoObjCnt Sync="TRUE">0</geoObjCnt></geometObjs><topLvl><TopoLevCd value="001" Sync="TRUE"></TopoLevCd></topLvl></VectSpatRep></spatRepInfo><spdoinfo><ptvctinf><esriterm Name="UNH_Basemap"><efeatyp Sync="TRUE">Simple</efeatyp><efeageom code="4" Sync="TRUE"></efeageom><esritopo Sync="TRUE">FALSE</esritopo><efeacnt Sync="TRUE">0</efeacnt><spindex Sync="TRUE">FALSE</spindex><linrefer Sync="TRUE">FALSE</linrefer></esriterm></ptvctinf></spdoinfo><mdDateSt Sync="TRUE">20201009</mdDateSt></metadata>
