<metadata xml:lang="en"><Esri><SyncOnce>FALSE</SyncOnce><ArcGISFormat>1.0</ArcGISFormat><CreaDate>20170201</CreaDate><CreaTime>12410200</CreaTime><DataProperties><itemProps><itemLocation><linkage Sync="TRUE">file://\\FOM-MJ0B75TS\E$\UNH_Data\UNH_Buildings.shp</linkage><protocol Sync="TRUE">Local Area Network</protocol></itemLocation><itemName Sync="TRUE">UNH_Buildings</itemName><imsContentType Sync="TRUE">002</imsContentType><nativeExtBox><westBL Sync="TRUE">901109.089534</westBL><eastBL Sync="TRUE">1265702.527997</eastBL><southBL Sync="TRUE">177423.970853</southBL><northBL Sync="TRUE">389019.011573</northBL><exTypeCode Sync="TRUE">1</exTypeCode></nativeExtBox><itemSize Sync="TRUE">0.000</itemSize></itemProps><coordRef><type Sync="TRUE">Projected</type><geogcsn Sync="TRUE">GCS_North_American_1983</geogcsn><csUnits Sync="TRUE">Linear Unit: Foot_US (0.304801)</csUnits><projcsn Sync="TRUE">NAD_1983_StatePlane_New_Hampshire_FIPS_2800_Feet</projcsn><peXml Sync="TRUE">&lt;ProjectedCoordinateSystem xsi:type='typens:ProjectedCoordinateSystem' xmlns:xsi='http://www.w3.org/2001/XMLSchema-instance' xmlns:xs='http://www.w3.org/2001/XMLSchema' xmlns:typens='http://www.esri.com/schemas/ArcGIS/10.7'&gt;&lt;WKT&gt;PROJCS[&amp;quot;NAD_1983_StatePlane_New_Hampshire_FIPS_2800_Feet&amp;quot;,GEOGCS[&amp;quot;GCS_North_American_1983&amp;quot;,DATUM[&amp;quot;D_North_American_1983&amp;quot;,SPHEROID[&amp;quot;GRS_1980&amp;quot;,6378137.0,298.257222101]],PRIMEM[&amp;quot;Greenwich&amp;quot;,0.0],UNIT[&amp;quot;Degree&amp;quot;,0.0174532925199433]],PROJECTION[&amp;quot;Transverse_Mercator&amp;quot;],PARAMETER[&amp;quot;False_Easting&amp;quot;,984250.0],PARAMETER[&amp;quot;False_Northing&amp;quot;,0.0],PARAMETER[&amp;quot;Central_Meridian&amp;quot;,-71.66666666666667],PARAMETER[&amp;quot;Scale_Factor&amp;quot;,0.9999666666666667],PARAMETER[&amp;quot;Latitude_Of_Origin&amp;quot;,42.5],UNIT[&amp;quot;Foot_US&amp;quot;,0.3048006096012192]],VERTCS[&amp;quot;NAVD_1988&amp;quot;,VDATUM[&amp;quot;North_American_Vertical_Datum_1988&amp;quot;],PARAMETER[&amp;quot;Vertical_Shift&amp;quot;,0.0],PARAMETER[&amp;quot;Direction&amp;quot;,1.0],UNIT[&amp;quot;Foot_US&amp;quot;,0.3048006096012192]]&lt;/WKT&gt;&lt;XOrigin&gt;-17463700&lt;/XOrigin&gt;&lt;YOrigin&gt;-48257000&lt;/YOrigin&gt;&lt;XYScale&gt;137246076.82899535&lt;/XYScale&gt;&lt;ZOrigin&gt;-100000&lt;/ZOrigin&gt;&lt;ZScale&gt;3048.0060960121923&lt;/ZScale&gt;&lt;MOrigin&gt;-100000&lt;/MOrigin&gt;&lt;MScale&gt;10000&lt;/MScale&gt;&lt;XYTolerance&gt;0.0032808333333333331&lt;/XYTolerance&gt;&lt;ZTolerance&gt;0.0032808333333333331&lt;/ZTolerance&gt;&lt;MTolerance&gt;0.001&lt;/MTolerance&gt;&lt;HighPrecision&gt;true&lt;/HighPrecision&gt;&lt;WKID&gt;102710&lt;/WKID&gt;&lt;LatestWKID&gt;3437&lt;/LatestWKID&gt;&lt;/ProjectedCoordinateSystem&gt;</peXml></coordRef><lineage><Process ToolSource="c:\program files (x86)\arcgis\desktop10.7\ArcToolbox\Toolboxes\Conversion Tools.tbx\FeatureClassToFeatureClass" Date="20201009" Time="110408">FeatureClassToFeatureClass "Database Connections\FACGIS_GISDATA_SQL.sde\facgissde.GISDATA.GC_UNH_Buildings" E:\UNH_Data UNH_Buildings.shp # "FACILITIES "Facilities ID" true true false 15 Text 0 0 ,First,#,Database Connections\FACGIS_GISDATA_SQL.sde\facgissde.GISDATA.GC_UNH_Buildings,FACILITIES_ID,-1,-1;BUILDING_N "Building Name" true true false 75 Text 0 0 ,First,#,Database Connections\FACGIS_GISDATA_SQL.sde\facgissde.GISDATA.GC_UNH_Buildings,BUILDING_NAME,-1,-1;NAME_LABEL "Label Name" true true false 60 Text 0 0 ,First,#,Database Connections\FACGIS_GISDATA_SQL.sde\facgissde.GISDATA.GC_UNH_Buildings,NAME_LABELS,-1,-1;ADDRESS "Address" true true false 50 Text 0 0 ,First,#,Database Connections\FACGIS_GISDATA_SQL.sde\facgissde.GISDATA.GC_UNH_Buildings,ADDRESS,-1,-1;CITY_TOWN "City/Town" true true false 40 Text 0 0 ,First,#,Database Connections\FACGIS_GISDATA_SQL.sde\facgissde.GISDATA.GC_UNH_Buildings,CITY_TOWN,-1,-1;ZIP_CODE "Zip Code" true true false 20 Text 0 0 ,First,#,Database Connections\FACGIS_GISDATA_SQL.sde\facgissde.GISDATA.GC_UNH_Buildings,ZIP_CODE,-1,-1;MAINTENANC "Maintenance Zone" true true false 15 Text 0 0 ,First,#,Database Connections\FACGIS_GISDATA_SQL.sde\facgissde.GISDATA.GC_UNH_Buildings,MAINTENANCE_ZONE,-1,-1;CORE_CAMPU "Core Campus?" true true false 25 Text 0 0 ,First,#,Database Connections\FACGIS_GISDATA_SQL.sde\facgissde.GISDATA.GC_UNH_Buildings,CORE_CAMPUS,-1,-1;CLERY_TYPE "Clery Building Type" true true false 75 Text 0 0 ,First,#,Database Connections\FACGIS_GISDATA_SQL.sde\facgissde.GISDATA.GC_UNH_Buildings,CLERY_TYPE,-1,-1;ROTATION "Rotation" true true false 8 Double 8 38 ,First,#,Database Connections\FACGIS_GISDATA_SQL.sde\facgissde.GISDATA.GC_UNH_Buildings,ROTATION,-1,-1;SCALE "Scale" true true false 2 Short 0 5 ,First,#,Database Connections\FACGIS_GISDATA_SQL.sde\facgissde.GISDATA.GC_UNH_Buildings,SCALE,-1,-1;POSITIONED "Positioned" true true false 20 Text 0 0 ,First,#,Database Connections\FACGIS_GISDATA_SQL.sde\facgissde.GISDATA.GC_UNH_Buildings,POSITIONED,-1,-1;NOTES "Notes" true true false 250 Text 0 0 ,First,#,Database Connections\FACGIS_GISDATA_SQL.sde\facgissde.GISDATA.GC_UNH_Buildings,NOTES,-1,-1;PLANROOM_R "Planroom Reference" true true false 2 Short 0 5 ,First,#,Database Connections\FACGIS_GISDATA_SQL.sde\facgissde.GISDATA.GC_UNH_Buildings,PLANROOM_REFERENCE,-1,-1;GLOBALID "GLOBALID" false false true 38 GlobalID 0 0 ,First,#,Database Connections\FACGIS_GISDATA_SQL.sde\facgissde.GISDATA.GC_UNH_Buildings,GLOBALID,-1,-1;created_us "created_user" false true false 255 Text 0 0 ,First,#,Database Connections\FACGIS_GISDATA_SQL.sde\facgissde.GISDATA.GC_UNH_Buildings,created_user,-1,-1;created_da "created_date" false true false 8 Date 0 0 ,First,#,Database Connections\FACGIS_GISDATA_SQL.sde\facgissde.GISDATA.GC_UNH_Buildings,created_date,-1,-1;last_edite "last_edited_user" false true false 255 Text 0 0 ,First,#,Database Connections\FACGIS_GISDATA_SQL.sde\facgissde.GISDATA.GC_UNH_Buildings,last_edited_user,-1,-1;last_edi_1 "last_edited_date" false true false 8 Date 0 0 ,First,#,Database Connections\FACGIS_GISDATA_SQL.sde\facgissde.GISDATA.GC_UNH_Buildings,last_edited_date,-1,-1;SHAPE_STAr "SHAPE_STAr" false false true 0 Double 0 0 ,First,#,Database Connections\FACGIS_GISDATA_SQL.sde\facgissde.GISDATA.GC_UNH_Buildings,SHAPE.STArea(),-1,-1;SHAPE_STLe "SHAPE_STLe" false false true 0 Double 0 0 ,First,#,Database Connections\FACGIS_GISDATA_SQL.sde\facgissde.GISDATA.GC_UNH_Buildings,SHAPE.STLength(),-1,-1" #</Process></lineage></DataProperties><SyncDate>20201009</SyncDate><SyncTime>11040600</SyncTime><ModDate>20201009</ModDate><ModTime>11040600</ModTime></Esri><idinfo><descript><abstract>GC_UNH_Buildings</abstract><purpose>UNH Buildings</purpose></descript><keywords><theme><themekt>X-Ray</themekt><themekey/></theme></keywords><accconst/><useconst/><status><progress/><update/></status><spdom><bounding><westbc>NaN</westbc><eastbc>NaN</eastbc><northbc>NaN</northbc><southbc>NaN</southbc></bounding></spdom></idinfo><eainfo><detailed Name="UNH_Buildings"><attr><attrlabl Sync="TRUE">SHAPE</attrlabl><attalias Sync="TRUE">Shape</attalias><attrtype Sync="TRUE">Geometry</attrtype><attwidth Sync="TRUE">0</attwidth><atprecis Sync="TRUE">0</atprecis><attscale Sync="TRUE">0</attscale><attrdef Sync="TRUE">Feature geometry.</attrdef><attrdefs Sync="TRUE">Esri</attrdefs><attrdomv><udom Sync="TRUE">Coordinates defining the features.</udom></attrdomv></attr><attr><attrlabl Sync="TRUE">FID</attrlabl><attalias Sync="TRUE">FID</attalias><attrtype Sync="TRUE">OID</attrtype><attwidth Sync="TRUE">4</attwidth><atprecis Sync="TRUE">0</atprecis><attscale Sync="TRUE">0</attscale><attrdef Sync="TRUE">Internal feature number.</attrdef><attrdefs Sync="TRUE">Esri</attrdefs><attrdomv><udom Sync="TRUE">Sequential unique whole numbers that are automatically generated.</udom></attrdomv></attr><attr><attrlabl Sync="TRUE">ADDRESS</attrlabl><attalias Sync="TRUE">ADDRESS</attalias><attrtype Sync="TRUE">String</attrtype><attwidth Sync="TRUE">50</attwidth><atprecis Sync="TRUE">0</atprecis><attscale Sync="TRUE">0</attscale><attrdef Sync="TRUE">ADDRESS</attrdef></attr><attr><attrlabl Sync="TRUE">FACILITIES</attrlabl><attalias Sync="TRUE">FACILITIES</attalias><attrtype Sync="TRUE">String</attrtype><attwidth Sync="TRUE">15</attwidth><atprecis Sync="TRUE">0</atprecis><attscale Sync="TRUE">0</attscale></attr><attr><attrlabl Sync="TRUE">BUILDING_N</attrlabl><attalias Sync="TRUE">BUILDING_N</attalias><attrtype Sync="TRUE">String</attrtype><attwidth Sync="TRUE">75</attwidth><atprecis Sync="TRUE">0</atprecis><attscale Sync="TRUE">0</attscale></attr><attr><attrlabl Sync="TRUE">NAME_LABEL</attrlabl><attalias Sync="TRUE">NAME_LABEL</attalias><attrtype Sync="TRUE">String</attrtype><attwidth Sync="TRUE">60</attwidth><atprecis Sync="TRUE">0</atprecis><attscale Sync="TRUE">0</attscale></attr><attr><attrlabl Sync="TRUE">CITY_TOWN</attrlabl><attalias Sync="TRUE">CITY_TOWN</attalias><attrtype Sync="TRUE">String</attrtype><attwidth Sync="TRUE">40</attwidth><atprecis Sync="TRUE">0</atprecis><attscale Sync="TRUE">0</attscale><attrdef Sync="TRUE">CITY_TOWN</attrdef></attr><attr><attrlabl Sync="TRUE">CLERY_TYPE</attrlabl><attalias Sync="TRUE">CLERY_TYPE</attalias><attrtype Sync="TRUE">String</attrtype><attwidth Sync="TRUE">75</attwidth><atprecis Sync="TRUE">0</atprecis><attscale Sync="TRUE">0</attscale><attrdef Sync="TRUE">CLERY_TYPE</attrdef></attr><attr><attrlabl Sync="TRUE">GLOBALID</attrlabl><attalias Sync="TRUE">GLOBALID</attalias><attrtype Sync="TRUE">String</attrtype><attwidth Sync="TRUE">38</attwidth><atprecis Sync="TRUE">0</atprecis><attscale Sync="TRUE">0</attscale><attrdef Sync="TRUE">GLOBALID</attrdef></attr><attr><attrlabl Sync="TRUE">MAINTENANC</attrlabl><attalias Sync="TRUE">MAINTENANC</attalias><attrtype Sync="TRUE">String</attrtype><attwidth Sync="TRUE">15</attwidth><atprecis Sync="TRUE">0</atprecis><attscale Sync="TRUE">0</attscale></attr><attr><attrlabl Sync="TRUE">CORE_CAMPU</attrlabl><attalias Sync="TRUE">CORE_CAMPU</attalias><attrtype Sync="TRUE">String</attrtype><attwidth Sync="TRUE">25</attwidth><atprecis Sync="TRUE">0</atprecis><attscale Sync="TRUE">0</attscale></attr><attr><attrlabl Sync="TRUE">NOTES</attrlabl><attalias Sync="TRUE">NOTES</attalias><attrtype Sync="TRUE">String</attrtype><attwidth Sync="TRUE">250</attwidth><atprecis Sync="TRUE">0</atprecis><attscale Sync="TRUE">0</attscale><attrdef Sync="TRUE">NOTES</attrdef></attr><attr><attrlabl Sync="TRUE">POSITIONED</attrlabl><attalias Sync="TRUE">POSITIONED</attalias><attrtype Sync="TRUE">String</attrtype><attwidth Sync="TRUE">20</attwidth><atprecis Sync="TRUE">0</atprecis><attscale Sync="TRUE">0</attscale><attrdef Sync="TRUE">POSITIONED</attrdef></attr><attr><attrlabl Sync="TRUE">ROTATION</attrlabl><attalias Sync="TRUE">ROTATION</attalias><attrtype Sync="TRUE">Double</attrtype><attwidth Sync="TRUE">19</attwidth><atprecis Sync="TRUE">18</atprecis><attscale Sync="TRUE">8</attscale><attrdef Sync="TRUE">ROTATION</attrdef></attr><attr><attrlabl Sync="TRUE">SCALE</attrlabl><attalias Sync="TRUE">SCALE</attalias><attrtype Sync="TRUE">Integer</attrtype><attwidth Sync="TRUE">5</attwidth><atprecis Sync="TRUE">5</atprecis><attscale Sync="TRUE">0</attscale><attrdef Sync="TRUE">SCALE</attrdef></attr><attr><attrlabl Sync="TRUE">ZIP_CODE</attrlabl><attalias Sync="TRUE">ZIP_CODE</attalias><attrtype Sync="TRUE">String</attrtype><attwidth Sync="TRUE">20</attwidth><atprecis Sync="TRUE">0</atprecis><attscale Sync="TRUE">0</attscale><attrdef Sync="TRUE">ZIP_CODE</attrdef></attr><attr><attrlabl Sync="TRUE">PLANROOM_R</attrlabl><attalias Sync="TRUE">PLANROOM_R</attalias><attrtype Sync="TRUE">Integer</attrtype><attwidth Sync="TRUE">5</attwidth><atprecis Sync="TRUE">5</atprecis><attscale Sync="TRUE">0</attscale></attr><enttyp><enttypl Sync="TRUE">UNH_Buildings</enttypl><enttypt Sync="TRUE">Feature Class</enttypt><enttypc Sync="TRUE">0</enttypc></enttyp><attr><attrlabl Sync="TRUE">created_us</attrlabl><attalias Sync="TRUE">created_us</attalias><attrtype Sync="TRUE">String</attrtype><attwidth Sync="TRUE">254</attwidth><atprecis Sync="TRUE">0</atprecis><attscale Sync="TRUE">0</attscale></attr><attr><attrlabl Sync="TRUE">created_da</attrlabl><attalias Sync="TRUE">created_da</attalias><attrtype Sync="TRUE">Date</attrtype><attwidth Sync="TRUE">8</attwidth><atprecis Sync="TRUE">0</atprecis><attscale Sync="TRUE">0</attscale></attr><attr><attrlabl Sync="TRUE">last_edite</attrlabl><attalias Sync="TRUE">last_edite</attalias><attrtype Sync="TRUE">String</attrtype><attwidth Sync="TRUE">254</attwidth><atprecis Sync="TRUE">0</atprecis><attscale Sync="TRUE">0</attscale></attr><attr><attrlabl Sync="TRUE">last_edi_1</attrlabl><attalias Sync="TRUE">last_edi_1</attalias><attrtype Sync="TRUE">Date</attrtype><attwidth Sync="TRUE">8</attwidth><atprecis Sync="TRUE">0</atprecis><attscale Sync="TRUE">0</attscale></attr><attr><attrlabl Sync="TRUE">SHAPE_STAr</attrlabl><attalias Sync="TRUE">SHAPE_STAr</attalias><attrtype Sync="TRUE">Double</attrtype><attwidth Sync="TRUE">19</attwidth><atprecis Sync="TRUE">0</atprecis><attscale Sync="TRUE">0</attscale></attr><attr><attrlabl Sync="TRUE">SHAPE_STLe</attrlabl><attalias Sync="TRUE">SHAPE_STLe</attalias><attrtype Sync="TRUE">Double</attrtype><attwidth Sync="TRUE">19</attwidth><atprecis Sync="TRUE">0</atprecis><attscale Sync="TRUE">0</attscale></attr></detailed></eainfo><dataIdInfo><envirDesc Sync="TRUE"> Version 6.2 (Build 9200) ; Esri ArcGIS 10.7.1.11595</envirDesc><dataLang><languageCode value="eng" Sync="TRUE"/><countryCode value="USA" Sync="TRUE"/></dataLang><idCitation><resTitle Sync="TRUE">UNH_Buildings</resTitle><presForm><PresFormCd value="005" Sync="TRUE"/></presForm></idCitation><spatRpType><SpatRepTypCd value="001" Sync="TRUE"/></spatRpType><dataExt><geoEle><GeoBndBox esriExtentType="search"><exTypeCode Sync="TRUE">1</exTypeCode><westBL Sync="TRUE">-71.980358</westBL><eastBL Sync="TRUE">-70.604827</eastBL><northBL Sync="TRUE">43.567365</northBL><southBL Sync="TRUE">42.981996</southBL></GeoBndBox></geoEle></dataExt></dataIdInfo><mdLang><languageCode value="eng" Sync="TRUE"/><countryCode value="USA" Sync="TRUE"/></mdLang><distInfo><distFormat><formatName Sync="TRUE">Shapefile</formatName></distFormat><distTranOps><transSize Sync="TRUE">0.000</transSize></distTranOps></distInfo><mdHrLv><ScopeCd value="005" Sync="TRUE"/></mdHrLv><mdHrLvName Sync="TRUE">dataset</mdHrLvName><refSysInfo><RefSystem><refSysID><identCode code="3437" Sync="TRUE"/><idCodeSpace Sync="TRUE">EPSG</idCodeSpace><idVersion Sync="TRUE">6.12(9.3.0.0)</idVersion></refSysID></RefSystem></refSysInfo><spatRepInfo><VectSpatRep><geometObjs Name="UNH_Buildings"><geoObjTyp><GeoObjTypCd value="002" Sync="TRUE"></GeoObjTypCd></geoObjTyp><geoObjCnt Sync="TRUE">0</geoObjCnt></geometObjs><topLvl><TopoLevCd value="001" Sync="TRUE"></TopoLevCd></topLvl></VectSpatRep></spatRepInfo><spdoinfo><ptvctinf><esriterm Name="UNH_Buildings"><efeatyp Sync="TRUE">Simple</efeatyp><efeageom code="4" Sync="TRUE"></efeageom><esritopo Sync="TRUE">FALSE</esritopo><efeacnt Sync="TRUE">0</efeacnt><spindex Sync="TRUE">FALSE</spindex><linrefer Sync="TRUE">FALSE</linrefer></esriterm></ptvctinf></spdoinfo><mdDateSt Sync="TRUE">20201009</mdDateSt></metadata>
